freq,db
20,0.965995618633
20.2909066988,0.958099616944
20.5860447329,0.950133642004
20.8854756485,0.942036681414
21.1892618872,0.933761940343
21.4974667984,0.925274590719
21.8101546533,0.916548389186
22.1273906578,0.907562725269
22.4492409662,0.898300399678
22.7757726951,0.888745869868
23.1070539374,0.878884395536
23.4431537764,0.868701956807
23.7841423001,0.858185257683
24.130090616,0.847322805112
24.4810708661,0.836105813522
24.8371562415,0.824528521357
25.1984209979,0.812588063716
25.5649404712,0.80028418308
25.936791093,0.787618214673
26.3140504067,0.774592468946
26.6967970834,0.761209443767
27.0851109387,0.747471285169
27.4790729492,0.733379916402
27.878765269,0.718936982428
28.2842712475,0.704143888214
28.6956754462,0.689002068098
29.1130636568,0.67351348224
29.5365229188,0.657681192859
29.9661415375,0.641509442384
30.402009103,0.625003511016
30.8442165082,0.608170491577
31.2928559682,0.591019393845
31.7480210394,0.573561140544
32.209806639,0.555808584093
32.6783090648,0.537776093922
33.1536260154,0.519479129629
33.6358566101,0.500933779469
34.1251014105,0.482155805083
34.6214624402,0.463159606187
35.1250432075,0.443957376086
35.6359487256,0.424558721755
36.1542855356,0.404969846013
36.6801617282,0.385192715349
37.2136869661,0.365224790911
37.7549725073,0.345058867458
38.3041312279,0.324683012995
38.8612776461,0.304080903533
39.4265279456,0.283231802549
40,0.262110938794
40.5818133975,0.240689986997
41.1720894657,0.218937508565
41.7709512971,0.196819362101
42.3785237744,0.174299095804
42.9949335968,0.151338335709
43.6203093066,0.127897185298
44.2547813156,0.103934808992
44.8984819324,0.0794105292541
45.5515453903,0.0542845224738
46.2141078749,0.0285182826561
46.8863075528,0.00207454921772
47.5682846001,-0.025082660295
48.260181232,-0.0529874252558
48.9621417322,-0.0816716476211
49.6743124829,-0.111164966005
50.3968419958,-0.141495180806
51.1298809424,-0.17268871088
51.873582186,-0.204770923196
52.6281008133,-0.237766503562
53.3935941668,-0.27170036918
54.1702218775,-0.306598476879
54.9581458983,-0.342488038742
55.757530538,-0.379397979673
56.5685424949,-0.417358808565
57.3913508924,-0.456402240693
58.2261273137,-0.496560742558
59.0730458376,-0.537867003416
59.9322830751,-0.580353337227
60.804018206,-0.624051018683
61.6884330163,-0.668989557319
62.5857119363,-0.715195914617
63.4960420787,-0.762693847235
64.419613278,-0.811503917287
65.3566181296,-0.861643659009
66.3072520307,-0.913127560886
67.2717132203,-0.965966336772
68.2502028209,-1.02016621724
69.2429248805,-1.0757290084
70.2500864149,-1.13265221867
71.2718974512,-1.19092872887
72.3085710713,-1.25054713829
73.3603234564,-1.31149226302
74.4273739322,-1.37374525706
75.5099450145,-1.43728432499
76.6082624559,-1.50208511073
77.7225552923,-1.56812117016
78.8530558912,-1.63536455172
80,-1.7037861213
81.163626795,-1.7733564266
82.3441789315,-1.84404574081
83.5419025942,-1.91582467089
84.7570475487,-1.98866453576
85.9898671937,-2.06253770483
87.2406186132,-2.1374174715
88.5095626311,-2.21327783624
89.7969638648,-2.29009274881
91.1030907805,-2.36783538167
92.4282157498,-2.44647738153
93.7726151055,-2.5259876205
95.1365692002,-2.60633165476
96.520362464,-2.6874716246
97.9242834644,-2.76936697232
99.3486249659,-2.85197526849
100.793683992,-2.93525307997
102.259761885,-3.01915724642
103.747164372,-3.10364537553
105.256201627,-3.18867613104
106.787188334,-3.27420762304
108.340443755,-3.36019560836
109.916291797,-3.44659140054
111.515061076,-3.53334033572
113.13708499,-3.62038143122
114.782701785,-3.70764676278
116.452254627,-3.79506097801
118.146091675,-3.88254089703
119.86456615,-3.96999443541
121.608036412,-4.0573195599
123.376866033,-4.14440352904
125.171423873,-4.23112245199
126.992084157,-4.31734122379
128.839226556,-4.40291418295
130.713236259,-4.48768739136
132.614504061,-4.57150192193
134.543426441,-4.65419753673
136.500405642,-4.73561533624
138.485849761,-4.81560088741
140.50017283,-4.89400748698
142.543794902,-4.97069893134
144.617142143,-5.04555058898
146.720646913,-5.11845116843
148.854747864,-5.18930395489
151.019890029,-5.25802739185
153.216524912,-5.32455601348
155.445110585,-5.38884129278
157.706111782,-5.45085311873
160,-5.51058081631
162.32725359,-5.56803286957
164.688357863,-5.62323719367
167.083805188,-5.6762413665
169.514095097,-5.72711217934
171.979734387,-5.77593349257
174.481237226,-5.82280355346
177.019125262,-5.86783294308
179.59392773,-5.91114205509
182.206181561,-5.95285794391
184.8564315,-5.99311101181
187.545230211,-6.03202999294
190.2731384,-6.0697380789
193.040724928,-6.10634967666
195.848566929,-6.14196693772
198.697249932,-6.17667518396
201.587367983,-6.21053957922
204.51952377,-6.24360334073
207.494328744,-6.27588600922
210.512403253,-6.30738177531
213.574376667,-6.33805941659
216.68088751,-6.36786437955
219.832583593,-6.39672245484
223.030122152,-6.42454296693
226.27416998,-6.45122330496
229.56540357,-6.47665312252
232.904509255,-6.50071893241
236.29218335,-6.52330863209
239.7291323,-6.54431672672
243.216072824,-6.56364808819
246.753732065,-6.58122140298
250.342847745,-6.59697260123
253.984168315,-6.6108572296
257.678453112,-6.62285285593
261.426472519,-6.63296078479
265.229008123,-6.64120763227
269.086852881,-6.64764401863
273.000811284,-6.65234167897
276.971699522,-6.65539074086
281.00034566,-6.65689556479
285.087589805,-6.65696939049
289.234284285,-6.65573096577
293.441293826,-6.65330244091
297.709495729,-6.64980877381
302.039780058,-6.64537525973
306.433049824,-6.64012382696
310.890221169,-6.63416876059
315.412223565,-6.62761419997
320,-6.62055478272
324.65450718,-6.61307648105
329.376715726,-6.60525962136
334.167610377,-6.59718103981
339.028190195,-6.58891627148
343.959468775,-6.58054211817
348.962474453,-6.57213937042
354.038250524,-6.56379543849
359.187855459,-6.55560724514
364.412363122,-6.54768468928
369.712862999,-6.54014992123
375.090460422,-6.53313831616
380.546276801,-6.52679679997
386.081449856,-6.52128225976
391.697133857,-6.51676011859
397.394499864,-6.51340040061
403.174735966,-6.51137261089
409.039047539,-6.51083937554
414.988657488,-6.5119488111
421.024806507,-6.51482781245
427.148753334,-6.51957564567
433.36177502,-6.52625581952
439.665167187,-6.5348911273
446.060244304,-6.54546248783
452.548339959,-6.55790931005
459.13080714,-6.57213318437
465.80901851,-6.5880028974
472.584366701,-6.60536136667
479.458264601,-6.62403693821
486.432145648,-6.64385489639
493.507464131,-6.66465188453
500.68569549,-6.68629246596
507.96833663,-6.70867883104
515.356906224,-6.73175501207
522.852945037,-6.75550679947
530.458016246,-6.77995746501
538.173705762,-6.80516016069
546.001622567,-6.83119066047
553.943399044,-6.85814115256
562.000691319,-6.88611364877
570.17517961,-6.91521038473
578.46856857,-6.94552571191
586.882587651,-6.97713570177
595.418991457,-7.01009241819
604.079560116,-7.04441476855
612.866099647,-7.08008117149
621.780442338,-7.11702513087
630.82444713,-7.15513052513
640,-7.19422949726
649.30901436,-7.23410275521
658.753431452,-7.27449116266
668.335220754,-7.31511444311
678.05638039,-7.35568522016
687.918937549,-7.39592429687
697.924948906,-7.43557279628
708.076501049,-7.4744046449
718.375710918,-7.51223735324
728.824726244,-7.54894005855
739.425725998,-7.58443445227
750.180920844,-7.61868939228
761.092553602,-7.65171402926
772.162899712,-7.68354504182
783.394267715,-7.71422604932
794.788999727,-7.74377682143
806.349471933,-7.77215146329
818.078095079,-7.79920967779
829.977314977,-7.82470905158
842.049613014,-7.84831759778
854.297506669,-7.86963448546
866.72355004,-7.88821047886
879.330334373,-7.90356332113
892.120488607,-7.91518900924
905.096679919,-7.9225665809
918.261614279,-7.92515996222
931.618037019,-7.92242286849
945.168733401,-7.913811363
958.916529201,-7.89880302994
972.864291295,-7.87692790911
987.014928261,-7.84781635889
1000,-7.81472723464
1001.37139098,-7.81125771351
1015.93667326,-7.7672505666
1030.71381245,-7.71602183264
1045.70589007,-7.65800342491
1060.91603249,-7.59377976597
1076.34741152,-7.52402248457
1092.00324513,-7.44944252022
1107.88679809,-7.37075570473
1124.00138264,-7.28866993128
1140.35035922,-7.20388650604
1156.93713714,-7.11709714598
1173.7651753,-7.02897871462
1190.83798291,-6.94019339191
1208.15912023,-6.85137149537
1225.73219929,-6.76308195257
1243.56088468,-6.67578731725
1261.64889426,-6.58979368202
1280,-6.5052273332
1298.61802872,-6.42204358264
1317.5068629,-6.3400607726
1336.67044151,-6.25899860419
1356.11276078,-6.1785246385
1375.8378751,-6.09828709934
1395.84989781,-6.0179260409
1416.1530021,-5.93709094916
1436.75142184,-5.85545793123
1457.64945249,-5.77272403252
1478.851452,-5.68859269362
1500.36184169,-5.60276504582
1522.1851072,-5.51494859363
1544.32579942,-5.42485014857
1566.78853543,-5.33216839066
1589.57799945,-5.23660660587
1612.69894387,-5.13788360464
1636.15619016,-5.0357371351
1659.95462995,-4.92991319552
1684.09922603,-4.82015743671
1708.59501334,-4.70620149197
1733.44710008,-4.58774159287
1758.66066875,-4.46440728345
1784.24097721,-4.33574477798
1810.19335984,-4.20116341685
1836.52322856,-4.0598805814
1863.23607404,-3.91089068651
1890.3374668,-3.75296433584
1917.8330584,-3.58469779929
1945.72858259,-3.40462487268
1974.02985652,-3.21145945803
2002.74278196,-3.00442368257
2031.87334652,-2.78355818951
2061.4276249,-2.54980804997
2091.41178015,-2.30484630741
2121.83206498,-2.0507604185
2152.69482305,-1.78975877391
2184.00649027,-1.52398532165
2215.77359618,-1.25544986649
2248.00276528,-0.986037949568
2280.70071844,-0.717558188112
2313.87427428,-0.451794620933
2347.5303506,-0.190565472143
2381.67596583,0.0642182816076
2416.31824047,0.310555855916
2451.46439859,0.546457074072
2487.12176935,0.77018289998
2523.29778852,0.98049109642
2560,1.17678243407
2597.23605744,1.35906324411
2635.01372581,1.52773770015
2673.34088301,1.68333426358
2712.22552156,1.82629934004
2751.6757502,1.95689623451
2791.69979562,2.07515466757
2832.3060042,2.18084608808
2873.50284367,2.27346073126
2915.29890498,2.35213100114
2957.70290399,2.41558681758
3000.72368338,2.46212235236
3044.37021441,2.48962518275
3088.65159885,2.49585172497
3133.57707086,2.47891715259
3179.15599891,2.43794357225
3225.39788773,2.37354687384
3272.31238031,2.28776957292
3319.90925991,2.18356253403
3368.19845205,2.06405554283
3417.19002668,1.93204291161
3466.89420016,1.78981269494
3517.32133749,1.63914719747
3568.48195443,1.48139160743
3620.38671968,1.31763713138
3673.04645712,1.14892824404
3726.47214808,0.976424981648
3780.67493361,0.801606087959
3835.6661168,0.62638976176
3891.45716518,0.453122971395
3948.05971304,0.284310272786
4005.48556392,0.122153906636
4063.74669304,-0.0320307581944
4122.85524979,-0.178125281959
4182.8235603,-0.316948840775
4243.66412997,-0.449705404534
4305.3896461,-0.577535061753
4368.01298054,-0.701313315575
4431.54719235,-0.821622021421
4496.00553056,-0.93884522874
4561.40143688,-1.05324197241
4627.74854856,-1.16501313272
4695.06070121,-1.27434212221
4763.35193166,-1.38140034822
4832.63648093,-1.48637394294
4902.92879718,-1.58944689856
4974.24353871,-1.69090270672
5046.59557704,-1.79124117327
5120,-1.89121093244
5194.47211488,-1.99171355702
5270.02745161,-2.09370443248
5346.68176603,-2.19803878342
5424.45104312,-2.30535594259
5503.35150039,-2.4159638524
5583.39959125,-2.52986378242
5664.61200839,-2.64680127253
5747.00568734,-2.76634089358
5830.59780995,-2.88766402649
5915.40580799,-3.00944006112
6001.44736675,-3.12948259676
6088.74042881,-3.24465173852
6177.3031977,-3.35103237676
6267.15414172,-3.44456462961
6358.31199782,-3.5225427531
6450.79577546,-3.58488818094
6544.62476063,-3.63410805778
6639.81851981,-3.67392145524
6736.39690411,-3.70778425496
6834.38005335,-3.73828117168
6933.78840032,-3.76705227633
7034.64267499,-3.79513853452
7136.96390886,-3.82334283731
7240.77343935,-3.85249275443
7346.09291423,-3.88358676406
7452.94429615,-3.91781042645
7561.34986721,-3.95713350131
7671.33223361,-4.00505912054
7782.91433036,-4.06723240991
7896.11942609,-4.15111932454
8010.97112785,-4.26380147429
8127.49338608,-4.40880595038
8245.71049958,-4.58420451473
8365.64712059,-4.78417386431
8487.32825993,-5.00224258026
8610.7792922,-5.23357562194
8736.02596108,-5.47549885381
8863.0943847,-5.72672435199
8992.01106111,-5.98654264467
9122.80287376,-6.25440153275
9255.49709713,-6.52974227632
9390.12140242,-6.81178967659
9526.70386332,-7.09924359429
9665.27296186,-7.39040213081
9805.85759435,-7.68285757762
9948.48707741,-7.97384626064
10093.1911541,-8.26131899518
10240,-8.5450790995
10388.9442298,-8.82639811049
10540.0549032,-9.10708143687
10693.3635321,-9.38884357808
10848.9020862,-9.67316187304
11006.7030008,-9.96126144972
11166.7991825,-10.2542705262
11329.2240168,-10.5530750064
11494.0113747,-10.8587369471
11661.1956199,-11.1722995016
11830.811616,-11.4939036878
12002.8947335,-11.822413428
12177.4808576,-12.1543078322
12354.6063954,-12.4827526945
12534.3082834,-12.7983775872
12716.6239956,-13.0914742904
12901.5915509,-13.3557393012
13089.2495213,-13.5882324334
13279.6370396,-13.7835450033
13472.7938082,-13.9348444338
13668.7601067,-14.0396700053
13867.5768006,-14.1015156302
14069.28535,-14.1282190598
14273.9278177,-14.129395188
14481.5468787,-14.1133886814
14692.1858285,-14.0871032186
14905.8885923,-14.0556154416
15122.6997344,-14.02238082
15342.6644672,-13.9914167719
15565.8286607,-13.9695871861
15792.2388522,-13.9679567075
16021.9422557,-13.9995717917
16254.9867722,-14.0714251876
16491.4209992,-14.1796371885
16731.2942412,-14.3135615933
16974.6565199,-14.4640432541
17221.5585844,-14.6264151834
17472.0519222,-14.7988326716
17726.1887694,-14.9798364951
17984.0221222,-15.1659463042
18245.6057475,-15.3506575469
18510.9941943,-15.5261969603
18780.2428048,-15.6871674902
19053.4077266,-15.8356117799
19330.5459237,-15.9878443853
19611.7151887,-16.1670505163
19896.9741548,-16.3424979183
20186.3823082,-16.4371589625
